{
  "timestamp": "2025-08-06T01:22:56.052989",
  "test_results": {
    "BTC": {
      "calculated_min": 18979.87903377646,
      "calculated_max": 208454.53091500534,
      "current_risk": 0.6716229296472019,
      "confidence": 0.7083536393667809,
      "correct_score": 22.837707035279806
    },
    "ETH": {
      "calculated_min": 735.8482050527745,
      "calculated_max": 18396.20512631936,
      "current_risk": 0.4999999999999997,
      "confidence": 0.7844317165034934,
      "correct_score": 50
    },
    "SOL": {
      "calculated_min": 35.08383501628423,
      "calculated_max": 877.0958754071058,
      "current_risk": 0.49999999999999994,
      "confidence": 0.7416472222669623,
      "correct_score": 50
    }
  },
  "key_insights": [
    "Min/Max values are THE KEY to accurate risk assessment",
    "Multiple methods ensure robust calculation",
    "Dynamic adaptation to market conditions",
    "Handles new highs/lows correctly",
    "Provides actionable trading signals"
  ]
}